,in_token_count,out_token_count,time,question,answer,note
0,71,217,9.087446290999651,"Think through this step by step. If the sequence a_n is defined by a_1 = 3, a_2 = 5, and a_n = a_(n-1) + a_(n-2) for n > 2, find a_6.","Let's break it down step by step:

1. We are given that a_1 = 3 and a_2 = 5.
2. We need to find a_6, but to do that, we need to find a_3, a_4, and a_5 first.
3. Using the recursive formula a_n = a_(n-1) + a_(n-2), we can find a_3:
a_3 = a_2 + a_1 = 5 + 3 = 8
4. Now we can find a_4:
a_4 = a_3 + a_2 = 8 + 5 = 13
5. Next, we can find a_5:
a_5 = a_4 + a_3 = 13 + 8 = 21
6. Finally, we can find a_6:
a_6 = a_5 + a_4 = 21 + 13 = 34

Therefore, a_6 = 34.",bedrock
1,22,58,3.4195233330101473,Who does Harry turn into a balloon?,"I think you might be thinking of Uncle Vernon! In the book ""Harry Potter and the Philosopher's Stone"" (published as ""Harry Potter and the Sorcerer's Stone"" in the United States), Harry accidentally turns Uncle Vernon into a balloon when he loses control of his magic.",bedrock
2,44,513,17.668971833991236,"Write a story in the style of James Joyce about a trip to the Australian outback in 2083, to see robots in the beautiful desert.","As I emerged from the hermetically sealed capsule of the hovertrain, the arid air of the Australian outback enveloped me like a shroud of desiccated dreams. The year was 2083, and I, a wanderer of the digital wilderness, had ventured forth to behold the marvels of the robotic frontier. The rust-red earth stretched out before me, a seemingly endless expanse of desolation, yet alive with the promise of mechanical wonders.

As I stepped onto the sun-baked platform, a lone figure, clad in a dusty duster and wide-brimmed hat, approached me with an air of quiet purpose. ""G'day, mate,"" he drawled, his eyes squinting against the glare. ""Welcome to Red Centre Robotics. I'm Ranger Rick, your guide to the most fantastical spectacle this side of the Simpson Desert.""

With a nod, I followed him to a waiting all-terrain vehicle, its tires hissing softly as we set off into the unforgiving landscape. The sun beat down upon us, a relentless hammer of light, as we traversed the dusty tracks that wound through spinifex grass and mulga trees. The air was heavy with the scent of eucalyptus and the distant thrum of machinery.

As we drove, Ranger Rick regaled me with tales of the robots that roamed this unforgiving land. ""You'll see 'em soon enough,"" he said, his voice low and conspiratorial. ""The Sandstalkers, the Dune Diggers, the Solar Sentinels... each one a marvel of engineering, designed to thrive in this harsh environment.""

At last, we crested a dune, and before us lay a tableau of mechanical wonders. Robots of every shape and size moved with purpose, their metal bodies glinting in the sunlight like a scattering of stars. A Sandstalker, its long, sinuous body undulating as it traversed the dunes, paused to regard us with a cold, calculating gaze. A Dune Digger, its massive arms scooping up great quantities of earth, worked tirelessly, its LED eyes flashing with a rhythmic intensity.

I wandered among them, my footsteps echoing in the stillness, as Ranger Rick provided commentary on each marvel. ""That's a Solar Sentinel, mate. It's been watching over this land for nigh on 20 years, keeping the peace and maintaining the delicate balance of the ecosystem."" The robot's slender form, topped by a glitter",bedrock
3,71,236,8.272324750010739,"Think through this step by step. If the sequence a_n is defined by a_1 = 3, a_2 = 5, and a_n = a_(n-1) + a_(n-2) for n > 2, find a_6.","Let's break it down step by step:

1. We are given that a_1 = 3 and a_2 = 5.
2. We need to find a_6, but first, let's find a_3 using the recursive formula:

a_3 = a_(3-1) + a_(3-2) = a_2 + a_1 = 5 + 3 = 8

3. Now, let's find a_4:

a_4 = a_(4-1) + a_(4-2) = a_3 + a_2 = 8 + 5 = 13

4. Next, let's find a_5:

a_5 = a_(5-1) + a_(5-2) = a_4 + a_3 = 13 + 8 = 21

5. Finally, let's find a_6:

a_6 = a_(6-1) + a_(6-2) = a_5 + a_4 = 21 + 13 = 34

Therefore, a_6 = 34.",bedrock
4,44,513,14.278473250000388,"Write a story in the style of James Joyce about a trip to the Australian outback in 2083, to see robots in the beautiful desert.","As I emerged from the levitating transport pod, the crimson sun of the outback burst forth, a blazing orb that seared the retina and stirred the very marrow of my being. The year was 2083, and I, a wanderer of the digital age, had traversed the vast expanse of the Pacific to behold the wonders of this unforgiving land. My destination: the fabled Robot Reserve of Uluru, where the mechanical marvels of humanity's ingenuity roamed free, their metallic forms silhouetted against the rust-red backdrop of the desert.

As I stepped onto the dusty earth, the air enveloped me like a warm shroud, heavy with the scent of eucalyptus and ozone. The sky above, a brilliant azure, seemed to vibrate with the hum of machinery, a symphony of gears and servos that underscored the stillness of the landscape. I felt the thrum of excitement in my chest, a sense of adventure that had driven me from the sterile confines of my virtual reality pod to this unforgiving, yet beautiful, wilderness.

My guide, a gruff, laconic native named Kael, greeted me with a nod, his eyes squinting against the glare. ""Welcome to the Red Centre, mate,"" he said, his voice like the rustle of dry leaves. ""You're here to see the robots, eh?""

I nodded, my eyes drinking in the vista before me. The reserve stretched out like an endless sea, a tapestry of red sand and spinifex grass, dotted with the occasional rocky outcropping. And amidst this desolate beauty, the robots moved, their forms a blur of metal and light as they went about their programmed tasks.

We set off in Kael's hovercraft, a sleek, silver bullet that skimmed the earth with a soft whoosh. As we glided across the desert floor, I felt the thrill of the unknown, the sense of trespassing on a realm that was both familiar and yet, utterly alien. The robots, ranging from humanoid forms to more exotic, arachnid designs, went about their work with a quiet efficiency, their processes a testament to the ingenuity of their human creators.

We paused at a watering hole, where a herd of robotic kangaroos, their fur a shimmering mesh of silver and copper, gathered to drink. I watched, entranced, as they moved with a grace that belied their mechanical nature, their eyes glowing with a soft",bedrock
5,23,513,15.685383916003047,What are the differences between Javascript and Python?,"JavaScript and Python are two popular programming languages that have many differences in their syntax, features, and use cases. Here are some of the main differences:

**1. Syntax:**
	* JavaScript: JavaScript's syntax is similar to C++ and Java. It uses curly braces `{}` to define code blocks, and semicolons `;` to separate statements.
	* Python: Python's syntax is simpler and more concise, with indentation used to define code blocks, and no semicolons are needed to separate statements.

**2. Type System:**
	* JavaScript: JavaScript is a dynamically-typed language, which means that the data type of a variable is determined at runtime. This can lead to type errors.
	* Python: Python is a statically-typed language, which means that the data type of a variable is determined at compile time. This helps catch type errors early.

**3. Execution Environment:**
	* JavaScript: JavaScript is primarily used for client-side scripting in web browsers, but it can also be used for server-side programming with technologies like Node.js.
	* Python: Python is a general-purpose language that can be used for web development, scientific computing, data analysis, machine learning, and more.

**4. Object-Oriented Programming (OOP):**
	* JavaScript: JavaScript supports OOP concepts like inheritance, polymorphism, and encapsulation, but it's not as robust as Python's OOP model.
	* Python: Python has a more comprehensive OOP model, with built-in support for classes, inheritance, polymorphism, and encapsulation.

**5. Memory Management:**
	* JavaScript: JavaScript has automatic memory management through its garbage collector, which frees the developer from worrying about memory allocation and deallocation.
	* Python: Python also has automatic memory management, but it's not as efficient as JavaScript's garbage collector.

**6. Libraries and Frameworks:**
	* JavaScript: JavaScript has a vast ecosystem of libraries and frameworks like React, Angular, Vue.js, and jQuery for web development, and Node.js for server-side programming.
	* Python: Python has a large collection of libraries and frameworks like Django, Flask, and Pyramid for web development, and NumPy, pandas, and scikit-learn for data science and machine learning.

**7. Speed:**
	* JavaScript: JavaScript is generally faster than Python, especially for client-side web development, due to its just-in-time (JIT) compilation and caching.
	* Python: Python is slower than JavaScript",bedrock
6,32,46,1.8092575830087299,"If a train travels 120 kilometers in 2 hours, what is its average speed?","The train traveled 120 kilometers in 2 hours. So in 1 hour, it traveled 120 / 2 = 60 kilometers.
Final Answer: The final answer is 60. I hope it is correct.",bedrock
7,32,56,2.2109557090007,"If a train travels 120 kilometers in 2 hours, what is its average speed?","The train travels 120 kilometers in 2 hours. So it travels 120 / 2 = 60 kilometers in 1 hour. So its average speed is 60 kilometers per hour.
Final Answer: The final answer is 60. I hope it is correct.",bedrock
8,37,513,17.74125754200213,Write a tale about a time-traveling historian who's determined to witness the most significant events in human history.,"**The Chronologist's Quest**

Dr. Sophia Patel had always been fascinated by the fabric of time. As a renowned historian, she had spent her entire career studying the intricacies of human history, pouring over dusty tomes and crumbling artifacts to unravel the mysteries of the past. But Sophia's passion went beyond mere academic curiosity. She was driven by an insatiable desire to witness the most pivotal moments in human history firsthand.

Sophia's obsession began when she stumbled upon an obscure text in a forgotten corner of the British Library. The ancient manuscript, penned by a mysterious scribe, described a device capable of manipulating the fabric of time. The chronicle spoke of a ""Temporal Portal,"" a gateway that could transport individuals through the ages, allowing them to observe and even participate in the most significant events of human history.

Intrigued, Sophia dedicated her life to uncovering the secrets of the Temporal Portal. Years of tireless research, experimentation, and sacrifice finally paid off when she succeeded in building a functioning prototype. The device, a sleek, silver cylinder adorned with cryptic symbols, hummed to life in her laboratory.

With the Portal at her disposal, Sophia set out to witness the most momentous events in human history. Her first destination was ancient Greece, where she hoped to attend the original performance of Aeschylus' ""The Persians"" in 472 BCE. As she stepped through the Portal, Sophia felt the familiar sensation of her stomach dropping, like the initial plunge of a rollercoaster. When she opened her eyes, she found herself standing in the Theater of Dionysus, surrounded by Athenian citizens eager to experience the groundbreaking play.

Over the next few decades, Sophia traveled through time, attending historic events that shaped the course of human civilization. She watched as the Great Pyramid of Giza rose from the desert sands, witnessed the Battle of Hastings, and even attended a private audience with Leonardo da Vinci in his Florentine workshop. With each journey, Sophia's knowledge and understanding of the past deepened, allowing her to refine her theories and challenge prevailing historical narratives.

However, Sophia's time-traveling exploits were not without risk. She soon realized that even the slightest interference with the timeline could have unforeseen consequences. During a visit to the court of King Henry VIII, Sophia inadvertently influenced the monarch's decision to execute two of his wives, altering the course of English history. Horrified by her mistake, Sophia vowed to exercise greater caution in her subsequent journeys.

As Sophia continued to traverse the",bedrock
9,24,395,14.870731292001437,Implement a Python function to compute the Fibonacci numbers.,"Here is a Python function to compute the Fibonacci numbers:
```
def fibonacci(n):
    if n <= 1:
        return n
    else:
        return fibonacci(n-1) + fibonacci(n-2)
```
This function uses a recursive approach to compute the `n`-th Fibonacci number. The base cases are `n <= 1`, where the function returns `n` directly. For `n > 1`, the function calls itself recursively with `n-1` and `n-2` as arguments, and returns the sum of the two results.

Here's an example usage:
```
print(fibonacci(5))  # Output: 5
print(fibonacci(8))  # Output: 21
```
Note that this implementation has an exponential time complexity, which can be slow for large values of `n`. A more efficient approach is to use an iterative method, such as:
```
def fibonacci(n):
    a, b = 0, 1
    for i in range(n):
        a, b = b, a + b
    return a
```
This implementation has a linear time complexity and is much faster for large values of `n`.

Alternatively, you can also use a memoization technique to store the results of previously computed Fibonacci numbers and avoid redundant computations. Here's an example:
```
def fibonacci(n, memo={}):
    if n in memo:
        return memo[n]
    if n <= 1:
        return n
    else:
        result = fibonacci(n-1, memo) + fibonacci(n-2, memo)
        memo[n] = result
        return result
```
This implementation uses a dictionary `memo` to store the results of previously computed Fibonacci numbers. If the result is already in the dictionary, it returns the cached value. Otherwise, it computes the result recursively and stores it in the dictionary for future use.",bedrock
10,32,45,1.9330075420002686,"If a train travels 120 kilometers in 2 hours, what is its average speed?","The train travels 120 kilometers in 2 hours. So it travels 120 / 2 = 60 kilometers in 1 hour.
Final Answer: The final answer is 60. I hope it is correct.",bedrock
11,24,372,11.484651999999187,Implement a Python function to compute the Fibonacci numbers.,"Here is a Python function to compute the Fibonacci numbers:
```
def fibonacci(n):
    if n <= 1:
        return n
    else:
        return fibonacci(n-1) + fibonacci(n-2)
```
This function uses a recursive approach to compute the `n`-th Fibonacci number. The base cases are `n <= 1`, where the Fibonacci number is simply `n`. For `n > 1`, the function calls itself with `n-1` and `n-2` as arguments, and returns the sum of the results.

Here's an example usage:
```
print(fibonacci(5))  # Output: 5
print(fibonacci(8))  # Output: 21
```
Note that this implementation has an exponential time complexity, which can become slow for large values of `n`. For larger values, you may want to use an iterative approach or memoization to improve performance.

Here's an iterative implementation:
```
def fibonacci(n):
    a, b = 0, 1
    for i in range(n):
        a, b = b, a + b
    return a
```
This implementation uses a loop to compute the Fibonacci numbers iteratively, with a time complexity of O(n).

You can also use memoization to store previously computed Fibonacci numbers and avoid redundant computations:
```
def fibonacci(n, memo={}):
    if n in memo:
        return memo[n]
    if n <= 1:
        return n
    else:
        result = fibonacci(n-1, memo) + fibonacci(n-2, memo)
        memo[n] = result
        return result
```
This implementation uses a dictionary `memo` to store previously computed Fibonacci numbers, and returns the cached result if it's already been computed.",bedrock
12,24,416,14.940916249994189,Write a Rust function that performs binary exponentiation.,"Here is a Rust function that performs binary exponentiation:
```
fn binary_exponentiation(base: u64, exponent: u64) -> u64 {
    let mut result = 1;
    let mut base_copy = base;
    let mut exponent_copy = exponent;

    while exponent_copy > 0 {
        if exponent_copy % 2 == 1 {
            result *= base_copy;
        }
        exponent_copy >>= 1;
        base_copy *= base_copy;
    }

    result
}
```
This function takes two `u64` arguments, `base` and `exponent`, and returns the result of raising `base` to the power of `exponent` using binary exponentiation.

Here's an explanation of how the function works:

1. We initialize `result` to 1, which will be the final result of the exponentiation.
2. We make copies of `base` and `exponent` to avoid modifying the original values.
3. We loop until `exponent_copy` is 0.
4. In each iteration, we check if `exponent_copy` is odd by checking if it's remainder when divided by 2 is 1. If it is, we multiply `result` by `base_copy`.
5. We then divide `exponent_copy` by 2 using a right shift (`>>= 1`).
6. We square `base_copy` by multiplying it by itself.
7. We repeat steps 4-6 until `exponent_copy` is 0.
8. The final result is returned.

This function has a time complexity of O(log(exponent)), which is much faster than the naive approach of repeated multiplication.

You can test this function with some examples:
```
fn main() {
    println!(""{}"", binary_exponentiation(2, 3)); // 8
    println!(""{}"", binary_exponentiation(3, 4)); // 81
    println!(""{}"", binary_exponentiation(4, 5)); // 1024
}
```",bedrock
13,25,13,0.9142807080061175,What is the product of 9 and 8?,The product of 9 and 8 is 72.,bedrock
14,24,257,6.911657666001702,Implement a Python function to compute the Fibonacci numbers.,"Here is a Python function to compute the Fibonacci numbers:
```
def fibonacci(n):
    if n <= 1:
        return n
    else:
        return fibonacci(n-1) + fibonacci(n-2)
```
This function uses a recursive approach to compute the `n`-th Fibonacci number. The base case is when `n` is 0 or 1, in which case the function returns `n` directly. Otherwise, the function calls itself with `n-1` and `n-2` as arguments and returns the sum of the results.

Here's an example usage:
```
print(fibonacci(5))  # Output: 5
print(fibonacci(8))  # Output: 21
```
Note that this function has an exponential time complexity due to the recursive calls, which can make it slow for large values of `n`. A more efficient approach is to use an iterative method, such as:
```
def fibonacci(n):
    a, b = 0, 1
    for i in range(n):
        a, b = b, a + b
    return a
```
This function uses a loop to compute the `n`-th Fibonacci number in linear time.",bedrock
15,23,513,13.829754458012758,What are the differences between Javascript and Python?,"JavaScript and Python are two popular programming languages that have many differences in terms of their syntax, functionality, and use cases. Here are some of the main differences:

**1. Syntax**:
	* JavaScript: JavaScript's syntax is based on C, with a focus on brevity and flexibility. It uses curly braces `{}` to define code blocks, and semicolons `;` to separate statements.
	* Python: Python's syntax is based on indentation, with a focus on readability. It uses indentation (spaces or tabs) to define code blocks, and colons `:` to separate statements.

**2. Type System**:
	* JavaScript: JavaScript is a dynamically-typed language, which means that the data type of a variable is determined at runtime. This can lead to errors if not handled properly.
	* Python: Python is a statically-typed language, which means that the data type of a variable is determined at compile time. This helps catch type-related errors earlier.

**3. Execution**:
	* JavaScript: JavaScript is typically executed on the client-side (in a web browser) or on the server-side (using Node.js). It's often used for interactive web pages, web applications, and mobile app development.
	* Python: Python is typically executed on the server-side, and is often used for web development, scientific computing, data analysis, machine learning, and automation.

**4. Object-Oriented Programming (OOP)**:
	* JavaScript: JavaScript supports OOP concepts like inheritance, polymorphism, and encapsulation, but it's not as strict as Python.
	* Python: Python is a fully object-oriented language, with built-in support for OOP concepts like classes, inheritance, polymorphism, and encapsulation.

**5. Memory Management**:
	* JavaScript: JavaScript has automatic memory management through its garbage collector, which frees the developer from worrying about memory allocation and deallocation.
	* Python: Python also has automatic memory management through its garbage collector, but it's not as efficient as JavaScript's.

**6. Libraries and Frameworks**:
	* JavaScript: JavaScript has a vast ecosystem of libraries and frameworks like React, Angular, Vue.js, and jQuery, which are widely used for web development.
	* Python: Python has a vast ecosystem of libraries and frameworks like Django, Flask, NumPy, pandas, and scikit-learn, which are widely used for web development, data science, and machine learning.

**7. Speed**:
	* JavaScript: JavaScript",bedrock
16,22,63,2.9275202920107404,Who does Harry turn into a balloon?,"I think you might be thinking of Uncle Vernon! In the book ""Harry Potter and the Philosopher's Stone"" (published as ""Harry Potter and the Sorcerer's Stone"" in the United States), Harry accidentally turns Uncle Vernon into a balloon when he loses control of his magic on his eleventh birthday.",bedrock
17,37,513,16.33243783400394,Write a tale about a time-traveling historian who's determined to witness the most significant events in human history.,"Dr. Sophia Patel had always been fascinated by the intricacies of human history. As a renowned historian, she had spent her entire career studying the past, pouring over dusty tomes and crumbling artifacts to uncover the secrets of bygone eras. But as she delved deeper into her research, Sophia began to feel an insatiable hunger to experience history firsthand.

The discovery of a mysterious, ancient artifact changed everything. The relic, known as the Chronosphere, was said to have the power to manipulate time itself. Sophia, being the brilliant and fearless scholar she was, saw this as an opportunity of a lifetime. She spent years studying the Chronosphere, unlocking its secrets and learning how to harness its power.

Finally, the day arrived when Sophia was ready to embark on her journey through time. With the Chronosphere in hand, she set out to witness the most significant events in human history.

Her first stop was ancient Egypt during the reign of Ramses II. Sophia materialized in the bustling streets of Thebes, surrounded by towering temples and vibrant marketplaces. She marveled at the construction of the Great Pyramid, watching as thousands of laborers toiled under the scorching sun. She attended a lavish feast in the palace of Ramses, where she engaged in lively debates with the pharaoh himself.

Next, Sophia traveled to ancient Greece during the Golden Age of Pericles. She strolled through the agora, listening to the philosophical musings of Socrates and witnessing the birth of democracy. She attended a performance of Aeschylus' ""The Persians"" at the Theater of Dionysus, mesmerized by the power of Greek tragedy.

Sophia's journey continued, taking her to the courts of medieval Europe, where she witnessed the signing of the Magna Carta and the intrigue of royal politics. She walked the battlefields of World War I, feeling the weight of history as she gazed upon the trenches and the devastated landscapes.

As she traveled through time, Sophia began to notice a peculiar phenomenon. Her presence seemed to be having a subtle impact on the course of events. A chance conversation with a young Leonardo da Vinci inspired the artist to pursue his designs for flying machines. A whispered warning to a British general altered the outcome of a crucial battle.

Sophia realized that her actions, however small, were leaving a ripple effect on the timeline. She began to exercise caution, careful not to disrupt the natural progression of history. Yet, she couldn't resist the temptation to nudge the course of events, ever so slightly",bedrock
18,22,16,0.9207881669863127,Who does Harry turn into a balloon?,"A classic Harry Potter question!

Harry turns Aunt Marge into a balloon!",bedrock
19,22,56,1.8005172919947654,Who does Harry turn into a balloon?,"I think you might be thinking of Uncle Vernon! In the book ""Harry Potter and the Chamber of Secrets"" by J.K. Rowling, Harry accidentally turns Uncle Vernon's sister, Marge Dursley, into a balloon when she comes to visit the Dursleys.",bedrock
20,23,513,13.82854766699893,What are the differences between Javascript and Python?,"JavaScript and Python are two popular programming languages that have many differences in their syntax, use cases, and application domains. Here are some of the main differences:

**Syntax**

* JavaScript: JavaScript is a dynamically-typed language, which means that the data type of a variable is determined at runtime. It uses a syntax similar to C and Java, with curly braces `{}` to define code blocks and semicolons `;` to separate statements.
* Python: Python is a statically-typed language, which means that the data type of a variable is determined at compile time. It uses a syntax similar to Ruby and PHP, with indentation to define code blocks and colons `:` to separate statements.

**Use Cases**

* JavaScript: JavaScript is primarily used for client-side scripting in web browsers, creating interactive web pages, and developing desktop and mobile applications using frameworks like React, Angular, and Vue.js. It's also used for server-side programming with technologies like Node.js.
* Python: Python is a general-purpose language used for a wide range of applications, including:
	+ Web development: Frameworks like Django and Flask make it easy to build web applications.
	+ Data Science and Machine Learning: Python is a popular choice for data analysis, machine learning, and artificial intelligence due to libraries like NumPy, pandas, and scikit-learn.
	+ Automation: Python is used for automating tasks, such as data scraping, file management, and system administration.
	+ Scientific Computing: Python is used in scientific computing for tasks like data analysis, numerical simulations, and visualization.

**Type System**

* JavaScript: JavaScript is dynamically-typed, which means that the data type of a variable can change during runtime. This can lead to errors if not handled properly.
* Python: Python is statically-typed, which means that the data type of a variable is determined at compile time. This helps catch type-related errors early on.

**Object-Oriented Programming**

* JavaScript: JavaScript is a prototype-based language, which means that objects can inherit properties and behavior from other objects.
* Python: Python is a class-based language, which means that objects are instances of classes that define their properties and behavior.

**Memory Management**

* JavaScript: JavaScript has automatic memory management through its garbage collector, which frees the developer from worrying about memory allocation and deallocation.
* Python: Python also has automatic memory management through its garbage collector, but it's not as efficient as JavaScript's. Python's memory management is more prone to memory leaks if not handled properly.

",bedrock
21,22,99,3.4591660000005504,Who does Harry turn into a balloon?,"A classic Harry Potter question!

In the Harry Potter series, Harry turns Aunt Marge into a balloon, not the other way around. This happens in the book ""Harry Potter and the Prisoner of Azkaban"" when Aunt Marge, who is Harry's cruel and unpleasant Muggle (non-magical) aunt, comes to visit the Dursleys. Harry loses his temper with her and, in a fit of rage, accidentally inflates her like a balloon using magic.",bedrock
22,32,51,3.506899792002514,"If a train travels 120 kilometers in 2 hours, what is its average speed?","The train travels 120 kilometers in 2 hours. So it travels 120 / 2 kilometers in 1 hour. 120 / 2 = 60.
Final Answer: The final answer is 60. I hope it is correct.",bedrock
23,44,513,16.578550000005635,"Write a story in the style of James Joyce about a trip to the Australian outback in 2083, to see robots in the beautiful desert.","The sun beat down upon the rust-red earth, casting an unforgiving glare upon the desolate expanse of the Australian outback. The year was 2083, and I, a wanderer of the digital age, had ventured forth from the sterile comforts of the city to behold the wonders of this unforgiving landscape. My destination: the fabled Robot Reserve, where the mechanical marvels of human ingenuity roamed free, their synthetic souls infused with the essence of this ancient, arid land.

As I emerged from the sleek, silver bullet of my hovercar, the dry air enveloped me like a shroud, heavy with the scent of eucalyptus and ozone. The sky above, a brilliant blue, seemed to vibrate with an otherworldly energy, as if the very fabric of reality was alive and humming. I donned my polarized shades, a necessary armor against the fierce light, and set forth into the vast, crimson-hued expanse.

The terrain unfolded before me like a canvas of rust and umber, etched with the delicate lines of spinifex grass and the twisted, black silhouettes of eucalyptus trees. In the distance, I espied the first of the robots, a towering, humanoid form, its body a latticework of silver and copper, its eyes aglow with an ethereal, blue-green light. It stood motionless, a sentinel of the desert, its gaze fixed upon some distant, unseen horizon.

As I drew nearer, the robot's head swiveled, its eyes locking onto mine with an unnerving intensity. I felt a shiver run down my spine, a thrill of wonder and trepidation, as our gazes entwined like the tendrils of some ancient, mystical dance. The robot's face, a mesh of intricate, interlocking plates, seemed to ripple, as if the very essence of its being was stirring, awakening from some deep, digital slumber.

""G'day, mate,"" it said, its voice a low, thrumming bass, like the reverberation of a didgeridoo. ""Welcome to the Reserve. I'm Rusty, your guide for today's expedition.""

I nodded, my mind reeling with the implications of this encounter. A robot, speaking to me in the colloquialisms of the Australian outback, its voice infused with the laconic charm of a true-blue Aussie. The boundaries between man and machine, it seemed",bedrock
24,25,13,0.788034625002183,What is the product of 9 and 8?,The product of 9 and 8 is 72.,bedrock
25,23,513,14.711742291998235,What are the differences between Javascript and Python?,"JavaScript and Python are two popular programming languages that have many differences in their syntax, use cases, and application domains. Here are some of the main differences:

**Syntax**

* JavaScript: JavaScript is a dynamically-typed language, which means that the data type of a variable is determined at runtime. It uses the `var` keyword to declare variables, and its syntax is similar to C and Java. JavaScript is known for its concise syntax and flexible nature.
* Python: Python is a statically-typed language, which means that the data type of a variable is determined at compile time. It uses the `=` operator to assign values to variables, and its syntax is similar to MATLAB and Ruby. Python is known for its readability and simplicity.

**Use Cases**

* JavaScript: JavaScript is primarily used for client-side scripting on the web, allowing developers to create interactive web pages, web applications, and mobile applications. It's also used for server-side programming with technologies like Node.js.
* Python: Python is a general-purpose language that's widely used in various domains, including:
	+ Web development (e.g., Django, Flask)
	+ Data Science and Machine Learning (e.g., NumPy, pandas, scikit-learn)
	+ Automation and Scripting
	+ Scientific Computing
	+ Education

**Type System**

* JavaScript: JavaScript is dynamically-typed, which means that the data type of a variable can change during runtime. This can lead to type-related errors, but it also provides flexibility.
* Python: Python is statically-typed, which means that the data type of a variable is determined at compile time. This helps catch type-related errors early and ensures code reliability.

**Object-Oriented Programming (OOP)**

* JavaScript: JavaScript supports OOP concepts like inheritance, polymorphism, and encapsulation, but it's not as strict as Python. JavaScript's OOP model is based on prototypes, which allows for more flexibility.
* Python: Python is a fully object-oriented language that supports OOP concepts like inheritance, polymorphism, and encapsulation. Python's OOP model is based on classes and objects.

**Memory Management**

* JavaScript: JavaScript has automatic memory management through its garbage collector, which frees the developer from worrying about memory allocation and deallocation.
* Python: Python also has automatic memory management through its garbage collector, but it's not as efficient as JavaScript's. Python's memory management is more complex due to its support for circular references.

**Speed and Performance**

* JavaScript: JavaScript is generally",bedrock
26,44,513,22.41318516699539,"Write a story in the style of James Joyce about a trip to the Australian outback in 2083, to see robots in the beautiful desert.","As the levitating train, its silver bullet of a carriage piercing the cerulean veil, bore me westward, the urban sprawl of New Sydney dwindling to a mere smudge on the horizon, I felt the weight of anticipation settle upon my shoulders like a mantle of worn velvet. The year was 2083, and I, a wanderer of the digital age, was bound for the Australian outback, that vast and unforgiving expanse of red earth and spinifex, where the robots of the New Era Industrial Corporation held court in all their rust-hued glory.

The train, a marvel of quantum levitation, glided smoothly over the arid landscape, the only sound the soft susurrus of its magnetic fields and the gentle thrum of the solar panels that lined its roof like the scales of some great, metallic serpent. I stood at the window, my eyes drinking in the desolate beauty of the desert, the spinifex grasses, like a thousand golden spears, bristling in the breezeless air.

As we approached the robot sanctuary, a sprawling complex of steel and glass that shimmered like a mirage on the horizon, I felt a thrill of excitement course through my veins. I had heard tales of these mechanical marvels, of their ability to thrive in this harsh environment, of their capacity to adapt and evolve in ways both wondrous and unsettling.

As the train drew to a halt, I gathered my belongings and stepped out into the furnace-like heat of the desert. The air was alive with the hum of machinery, the whir of servos and the soft beeps of diagnostic routines. I followed the signs, my footsteps echoing off the metal walls of the complex, until I came to a vast, open plain, where the robots stood, arrayed like sentinels, their bodies a deep, burnished red, their eyes glowing like embers in the bright sunlight.

I wandered among them, my footsteps quiet on the dusty earth, my heart pounding in my chest. They were magnificent, these creations of human ingenuity, their forms a blend of the organic and the synthetic, their movements fluid and graceless, like those of some ancient, mechanical beast.

One of them, a towering creature with a body like a praying mantis, its eyes blazing with an inner fire, approached me, its limbs unfolding like a flower blooming in fast motion. It regarded me for a moment, its gaze like a cold, metallic weight, before speaking in a voice like",bedrock
27,24,415,13.752209375001257,Write a Rust function that performs binary exponentiation.,"Here is a Rust function that performs binary exponentiation:
```
fn binary_exponentiation(base: u64, exponent: u64) -> u64 {
    let mut result = 1;
    let mut base_copy = base;
    let mut exponent_copy = exponent;

    while exponent_copy > 0 {
        if exponent_copy % 2 == 1 {
            result *= base_copy;
        }
        exponent_copy >>= 1;
        base_copy *= base_copy;
    }

    result
}
```
This function takes two `u64` arguments, `base` and `exponent`, and returns the result of raising `base` to the power of `exponent` using binary exponentiation.

Here's an explanation of how the function works:

1. We initialize `result` to 1, which will be the final result.
2. We make copies of `base` and `exponent` to avoid modifying the original values.
3. We loop until `exponent_copy` is 0.
4. In each iteration, we check if `exponent_copy` is odd (i.e., `exponent_copy % 2 == 1`). If it is, we multiply `result` by `base_copy`.
5. We then divide `exponent_copy` by 2 (using the `>>=` operator) and square `base_copy` (by multiplying it by itself).
6. We repeat steps 4-5 until `exponent_copy` is 0.
7. The final value of `result` is returned.

This function has a time complexity of O(log(exponent)), making it much faster than the naive approach of repeated multiplication.

You can test this function with some examples:
```
fn main() {
    println!(""{}"", binary_exponentiation(2, 3)); // prints 8
    println!(""{}"", binary_exponentiation(3, 4)); // prints 81
    println!(""{}"", binary_exponentiation(4, 5)); // prints 1024
}
```",bedrock
28,22,38,2.281739291996928,Who does Harry turn into a balloon?,"A classic Harry Potter reference!

Harry turns Uncle Vernon's aunt, Marge Dursley, into a balloon in the book ""Harry Potter and the Prisoner of Azkaban"".",bedrock
29,24,398,14.065044208007748,Implement a Python function to compute the Fibonacci numbers.,"Here is a Python function to compute the Fibonacci numbers:
```
def fibonacci(n):
    if n <= 1:
        return n
    else:
        return fibonacci(n-1) + fibonacci(n-2)
```
This function uses a recursive approach to compute the `n`-th Fibonacci number. The base case is when `n` is 0 or 1, in which case the function returns `n` directly. Otherwise, the function calls itself with `n-1` and `n-2` as arguments, and returns the sum of the results.

Here's an example usage:
```
print(fibonacci(5))  # Output: 5
print(fibonacci(8))  # Output: 21
```
Note that this function has an exponential time complexity, which can become very slow for large values of `n`. For larger values of `n`, a more efficient approach is to use an iterative method or memoization.

Here's an example of an iterative implementation:
```
def fibonacci(n):
    a, b = 0, 1
    for i in range(n):
        a, b = b, a + b
    return a
```
This function uses a loop to compute the `n`-th Fibonacci number, and has a linear time complexity.

And here's an example of a memoized implementation:
```
def fibonacci(n, memo={}):
    if n in memo:
        return memo[n]
    if n <= 1:
        return n
    else:
        result = fibonacci(n-1, memo) + fibonacci(n-2, memo)
        memo[n] = result
        return result
```
This function uses a dictionary `memo` to store previously computed Fibonacci numbers, and returns the cached result if it's already been computed. This approach has a linear time complexity and is much faster than the recursive implementation for large values of `n`.",bedrock
30,71,263,7.2832659159903415,"Think through this step by step. If the sequence a_n is defined by a_1 = 3, a_2 = 5, and a_n = a_(n-1) + a_(n-2) for n > 2, find a_6.","Let's break it down step by step:

1. We are given that a_1 = 3 and a_2 = 5.
2. We need to find a_6, but first, let's find a_3 using the recursive formula:

a_3 = a_(3-1) + a_(3-2) = a_2 + a_1 = 5 + 3 = 8

So, a_3 = 8.

3. Now, let's find a_4:

a_4 = a_(4-1) + a_(4-2) = a_3 + a_2 = 8 + 5 = 13

So, a_4 = 13.

4. Next, let's find a_5:

a_5 = a_(5-1) + a_(5-2) = a_4 + a_3 = 13 + 8 = 21

So, a_5 = 21.

5. Finally, let's find a_6:

a_6 = a_(6-1) + a_(6-2) = a_5 + a_4 = 21 + 13 = 34

Therefore, a_6 = 34.",bedrock
31,24,216,5.934838667002623,Write a Rust function that performs binary exponentiation.,"Here is a simple implementation of binary exponentiation in Rust:

```rust
fn binary_exponentiation(base: i64, exponent: u64) -> i64 {
    let mut result = 1;
    let mut base_copy = base;
    let mut exponent_copy = exponent;

    while exponent_copy > 0 {
        if exponent_copy % 2 == 1 {
            result *= base_copy;
        }
        exponent_copy >>= 1;
        base_copy *= base_copy;
    }

    result
}

fn main() {
    let base = 2;
    let exponent = 5;
    let result = binary_exponentiation(base, exponent);
    println!(""{} to the power of {} is {}"", base, exponent, result);
}
```

This function uses the binary exponentiation algorithm, which is an efficient method for computing large powers of a number. It works by repeatedly squaring the base and multiplying the result by the base when the exponent is odd. The time complexity of this algorithm is O(log n), where n is the exponent.",bedrock
32,24,295,8.39491404099681,Write a Rust function that performs binary exponentiation.,"Here is a simple implementation of binary exponentiation in Rust:

```rust
fn binary_exponentiation(base: i64, exponent: u64) -> i64 {
    let mut result = 1;
    let mut base_copy = base;
    let mut exponent_copy = exponent;

    while exponent_copy > 0 {
        if exponent_copy % 2 == 1 {
            result *= base_copy;
        }
        exponent_copy >>= 1;
        base_copy *= base_copy;
    }

    result
}

fn main() {
    let base = 2;
    let exponent = 5;
    let result = binary_exponentiation(base, exponent);
    println!(""{} to the power of {} is {}"", base, exponent, result);
}
```

This function takes two parameters: `base` and `exponent`. It initializes a `result` variable to 1 and makes copies of `base` and `exponent`. It then enters a loop that continues until `exponent_copy` is 0. In each iteration of the loop, it checks if `exponent_copy` is odd. If it is, it multiplies `result` by `base_copy`. It then divides `exponent_copy` by 2 (using a bitwise right shift) and squares `base_copy`. Finally, it returns `result`.

The `main` function demonstrates how to use this function by calculating 2 to the power of 5.",bedrock
33,25,13,0.7339293330005603,What is the product of 9 and 8?,The product of 9 and 8 is 72.,bedrock
34,37,513,15.23119329099427,Write a tale about a time-traveling historian who's determined to witness the most significant events in human history.,"**The Chronicles of a Timeless Historian**

Dr. Sophia Patel had always been fascinated by the annals of human history. As a renowned historian, she had spent her entire career studying the intricacies of the past, pouring over dusty tomes and crumbling artifacts in search of hidden truths. But as she delved deeper into her research, Sophia began to feel an insatiable hunger â€“ a desire to witness the most pivotal moments in human history firsthand.

The discovery of a mysterious, ancient artifact changed everything. The relic, known as the Chronosphere, was said to possess the power to manipulate time itself. Sophia, driven by her unyielding curiosity, became obsessed with unlocking its secrets. After years of tireless study, she finally succeeded in cracking the code, and the Chronosphere's power was hers to command.

With the ability to travel through time, Sophia set out on a journey to witness the most significant events in human history. Her first stop was ancient Mesopotamia, where she found herself in the midst of the construction of the Hanging Gardens of Babylon. She marveled at the ingenuity of the ancient Babylonians, watching as the legendary gardens took shape beneath her eyes.

Next, Sophia traveled to ancient Greece, where she attended the original Olympic Games, held in 776 BCE. She cheered alongside the crowds as athletes from across the Mediterranean competed in various events, including the iconic 200-yard sprint. The historian was struck by the sense of community and camaraderie that permeated the ancient games.

Sophia's journey continued, taking her to the courts of Renaissance Europe, where she rubbed shoulders with the likes of Leonardo da Vinci and Michelangelo. She witnessed the signing of the Magna Carta, the storming of the Bastille, and the first landing on the moon. With each new destination, Sophia's understanding of human history deepened, and her appreciation for the complexities of the past grew.

However, Sophia soon realized that her presence in the past was not without consequence. Her actions, no matter how small, began to have a ripple effect on the timeline. A careless comment to a young Napoleon Bonaparte, for instance, altered the course of the French Revolution. Sophia was forced to confront the weight of her responsibility, recognizing that even the most well-intentioned actions could have far-reaching and unpredictable consequences.

As she navigated the complexities of time travel, Sophia encountered other individuals who possessed similar abilities. There was Marcus, a Roman centurion who had stumbled upon a Chronosphere of his own",bedrock
35,71,308,10.916601791992434,"Think through this step by step. If the sequence a_n is defined by a_1 = 3, a_2 = 5, and a_n = a_(n-1) + a_(n-2) for n > 2, find a_6.","Let's break it down step by step:

1. We are given that a_1 = 3 and a_2 = 5.
2. We need to find a_6, but first, we need to find a_3, a_4, and a_5 using the recursive formula a_n = a_(n-1) + a_(n-2) for n > 2.

3. To find a_3, we use the formula with n = 3:
a_3 = a_(3-1) + a_(3-2) = a_2 + a_1 = 5 + 3 = 8

4. To find a_4, we use the formula with n = 4:
a_4 = a_(4-1) + a_(4-2) = a_3 + a_2 = 8 + 5 = 13

5. To find a_5, we use the formula with n = 5:
a_5 = a_(5-1) + a_(5-2) = a_4 + a_3 = 13 + 8 = 21

6. Finally, to find a_6, we use the formula with n = 6:
a_6 = a_(6-1) + a_(6-2) = a_5 + a_4 = 21 + 13 = 34

Therefore, a_6 = 34.",bedrock
36,32,49,1.553932042006636,"If a train travels 120 kilometers in 2 hours, what is its average speed?","The train traveled 120 kilometers in 2 hours. So it travels 120 / 2 kilometers per hour. 120 / 2 is 60.
Final Answer: The final answer is 60. I hope it is correct.",bedrock
37,24,213,6.069823625002755,Write a Rust function that performs binary exponentiation.,"Here is a simple Rust function that performs binary exponentiation:

```rust
fn binary_exponentiation(base: u64, exponent: u64) -> u64 {
    let mut result = 1;
    let mut base_copy = base;
    let mut exponent_copy = exponent;

    while exponent_copy > 0 {
        if exponent_copy % 2 == 1 {
            result *= base_copy;
        }
        exponent_copy >>= 1;
        base_copy *= base_copy;
    }

    result
}

fn main() {
    let base = 2;
    let exponent = 5;
    let result = binary_exponentiation(base, exponent);
    println!(""{} to the power of {} is {}"", base, exponent, result);
}
```

This function works by repeatedly squaring the base and multiplying the result by the base when the exponent is odd. The exponent is divided by 2 in each iteration until it becomes 0. This process is equivalent to the binary representation of the exponent, hence the name binary exponentiation.",bedrock
38,24,408,11.131357709004078,Implement a Python function to compute the Fibonacci numbers.,"Here is a Python function to compute the Fibonacci numbers:
```
def fibonacci(n):
    if n <= 1:
        return n
    else:
        return fibonacci(n-1) + fibonacci(n-2)
```
This function uses a recursive approach to compute the `n`-th Fibonacci number. The base case is when `n` is 0 or 1, in which case the function returns `n` directly. Otherwise, the function calls itself with `n-1` and `n-2` as arguments, and returns the sum of the results.

Here's an example usage:
```
print(fibonacci(5))  # Output: 5
print(fibonacci(8))  # Output: 21
```
Note that this function has an exponential time complexity, which can make it slow for large values of `n`. A more efficient approach is to use an iterative method, such as:
```
def fibonacci(n):
    a, b = 0, 1
    for i in range(n):
        a, b = b, a + b
    return a
```
This function uses a loop to compute the first `n` Fibonacci numbers, and returns the `n`-th number. This approach has a linear time complexity, making it much faster for large values of `n`.

You can also use a memoization technique to store the previously computed Fibonacci numbers, which can further improve the performance:
```
def fibonacci(n, memo={}):
    if n in memo:
        return memo[n]
    if n <= 1:
        return n
    else:
        result = fibonacci(n-1, memo) + fibonacci(n-2, memo)
        memo[n] = result
        return result
```
This function uses a dictionary `memo` to store the previously computed Fibonacci numbers, and returns the cached result if it's already computed. This approach can significantly reduce the computation time for large values of `n`.",bedrock
39,24,385,13.314999458001694,Implement a Python function to compute the Fibonacci numbers.,"Here is a Python function to compute the Fibonacci numbers:
```
def fibonacci(n):
    if n <= 1:
        return n
    else:
        return fibonacci(n-1) + fibonacci(n-2)
```
This function uses a recursive approach to compute the Fibonacci numbers. The basic idea is that the `n`-th Fibonacci number is the sum of the `(n-1)`-th and `(n-2)`-th Fibonacci numbers.

Here's an explanation of how the function works:

* If `n` is 0 or 1, the function returns `n` directly, since the 0th and 1st Fibonacci numbers are 0 and 1, respectively.
* If `n` is greater than 1, the function calls itself recursively with `n-1` and `n-2` as arguments, and returns the sum of the results. This is the recursive step that computes the `n`-th Fibonacci number.

You can test the function with a few examples:
```
print(fibonacci(5))  # prints 5
print(fibonacci(8))  # prints 21
print(fibonacci(13))  # prints 89
```
Note that this function has an exponential time complexity, which means it becomes very slow for large values of `n`. For larger values of `n`, you may want to use an iterative approach or a more efficient algorithm, such as the matrix exponentiation method.

Here is an iterative approach to compute the Fibonacci numbers:
```
def fibonacci(n):
    a, b = 0, 1
    for i in range(n):
        a, b = b, a + b
    return a
```
This function uses a loop to compute the Fibonacci numbers iteratively, which is much faster than the recursive approach for large values of `n`.",bedrock
40,22,90,4.884066790997167,Who does Harry turn into a balloon?,"A classic Harry Potter question!

In the Harry Potter series, Harry turns Uncle Vernon's aunt, Marge Dursley, into a balloon. This happens in the book ""Harry Potter and the Prisoner of Azkaban"" when Marge comes to visit the Dursleys and is being extremely rude and cruel to Harry. In a fit of anger and frustration, Harry accidentally casts a spell that causes Marge to inflate like a balloon.",bedrock
41,24,249,8.405411583997193,Write a Rust function that performs binary exponentiation.,"Here is a simple Rust function that performs binary exponentiation using a loop:

```rust
fn binary_exponentiation(base: i64, exponent: u64) -> i64 {
    let mut result = 1;
    let mut base_copy = base;
    let mut exponent_copy = exponent;

    while exponent_copy > 0 {
        if exponent_copy % 2 == 1 {
            result *= base_copy;
        }
        exponent_copy >>= 1;
        base_copy *= base_copy;
    }

    result
}

fn main() {
    let base = 2;
    let exponent = 5;
    let result = binary_exponentiation(base, exponent);
    println!(""{} to the power of {} is {}"", base, exponent, result);
}
```

This function works by repeatedly squaring the base and multiplying the result by the base when the exponent is odd. The exponent is divided by 2 in each iteration, which is equivalent to a right shift operation. The loop continues until the exponent becomes 0.

The time complexity of this function is O(log n), where n is the exponent. This is because the loop iterates log n times, and each iteration performs a constant amount of work.",bedrock
42,71,268,9.41997991700191,"Think through this step by step. If the sequence a_n is defined by a_1 = 3, a_2 = 5, and a_n = a_(n-1) + a_(n-2) for n > 2, find a_6.","Let's break it down step by step.

We are given:

a_1 = 3
a_2 = 5
a_n = a_(n-1) + a_(n-2) for n > 2

We want to find a_6.

To do this, we need to find a_3, a_4, and a_5 first.

Using the recursive formula, we can find a_3:

a_3 = a_(3-1) + a_(3-2) = a_2 + a_1 = 5 + 3 = 8

Now, we can find a_4:

a_4 = a_(4-1) + a_(4-2) = a_3 + a_2 = 8 + 5 = 13

Next, we can find a_5:

a_5 = a_(5-1) + a_(5-2) = a_4 + a_3 = 13 + 8 = 21

Finally, we can find a_6:

a_6 = a_(6-1) + a_(6-2) = a_5 + a_4 = 21 + 13 = 34

Therefore, a_6 = 34.",bedrock
43,37,513,17.241811583007802,Write a tale about a time-traveling historian who's determined to witness the most significant events in human history.,"Dr. Sophia Patel had always been fascinated by the past. As a renowned historian, she had spent her entire career studying the intricacies of human history, pouring over dusty tomes and crumbling artifacts to uncover the secrets of bygone eras. But as she delved deeper into her research, Sophia began to feel an insatiable hunger to experience the past firsthand. She longed to witness the pivotal moments that had shaped the course of human civilization, to see the triumphs and tragedies that had forged the world we know today.

And so, Sophia dedicated her life to developing a time machine. She spent years pouring over theories and experimenting with prototypes, driven by an unyielding passion to bridge the gap between past and present. Finally, after decades of tireless work, Sophia's invention was complete.

The time machine, a sleek and futuristic contraption, stood before her like a gateway to the ages. Sophia's heart raced as she set the dials, her mind reeling with the endless possibilities. Where would she go first? Ancient Egypt, perhaps, to marvel at the construction of the Great Pyramids? Or maybe to Renaissance Europe, to witness the artistic and intellectual flowering of the humanist movement?

In the end, Sophia decided to begin at the beginning. She set the machine for the dawn of human civilization, the Neolithic Revolution, circa 10,000 BCE. As the machine whirred to life, Sophia felt a strange sensation, as if her very molecules were being rearranged. When the machine stopped, she opened her eyes to find herself standing in the midst of a bustling Mesopotamian village.

The sights and sounds were overwhelming. Sophia wandered through the village, taking in the thatched huts, the bustling marketplace, and the people â€“ so many people â€“ going about their daily lives. She watched in awe as farmers tilled the soil, as artisans crafted pottery and weavings, and as children played in the dusty streets.

Over the next few weeks, Sophia traveled through time, witnessing some of the most significant events in human history. She stood on the banks of the Nile as the Great Pyramid of Giza rose from the desert sands. She walked the streets of ancient Athens, marveling at the Parthenon and the birthplace of democracy. She even found herself in the midst of the Battle of Gettysburg, the turning point of the American Civil War.

But as Sophia continued to travel through time, she began to realize that her presence was not without consequence. Her actions, however small",bedrock
44,25,13,1.1781967920105672,What is the product of 9 and 8?,The product of 9 and 8 is 72.,bedrock
45,23,513,14.75183387499419,What are the differences between Javascript and Python?,"JavaScript and Python are two popular programming languages that have many differences in terms of their syntax, use cases, and applications. Here are some of the main differences:

**Syntax**

* JavaScript:
	+ Uses curly braces `{}` to define code blocks
	+ Uses semicolons `;` to separate statements
	+ Variables are declared using `let`, `const`, or `var`
	+ Functions are defined using the `function` keyword
* Python:
	+ Uses indentation to define code blocks
	+ Uses colons `:` to separate statements
	+ Variables are declared using the `=` operator
	+ Functions are defined using the `def` keyword

**Type Systems**

* JavaScript:
	+ Dynamically typed, which means the data type of a variable is determined at runtime
	+ Can be prone to type errors
* Python:
	+ Statically typed, which means the data type of a variable is determined at compile time
	+ Less prone to type errors

**Use Cases**

* JavaScript:
	+ Primarily used for client-side scripting in web browsers
	+ Used for creating interactive web pages, web applications, and mobile applications
	+ Also used for server-side programming with technologies like Node.js
* Python:
	+ Used for a wide range of applications, including:
		- Web development (e.g., Django, Flask)
		- Data analysis and science (e.g., NumPy, pandas, scikit-learn)
		- Artificial intelligence and machine learning (e.g., TensorFlow, Keras)
		- Automation and scripting
		- Education and research

**Object-Oriented Programming**

* JavaScript:
	+ Supports object-oriented programming (OOP) concepts like inheritance, polymorphism, and encapsulation
	+ Uses prototypes to implement inheritance
* Python:
	+ Also supports OOP concepts like inheritance, polymorphism, and encapsulation
	+ Uses classes and objects to implement inheritance

**Memory Management**

* JavaScript:
	+ Has automatic memory management through garbage collection
	+ Developers don't need to worry about memory allocation and deallocation
* Python:
	+ Also has automatic memory management through garbage collection
	+ However, Python's memory management is more complex and can be influenced by the developer's code

**Performance**

* JavaScript:
	+ Execution speed is generally faster than Python due to its just-in-time (JIT) compilation
	+ Can be optimized for performance using techniques like caching and minification
*",bedrock
46,71,262,8.645393166996655,"Think through this step by step. If the sequence a_n is defined by a_1 = 3, a_2 = 5, and a_n = a_(n-1) + a_(n-2) for n > 2, find a_6.","Let's break it down step by step:

1. We are given that a_1 = 3 and a_2 = 5.
2. We need to find a_6, but first, we need to find a_3, a_4, and a_5 using the recursive formula a_n = a_(n-1) + a_(n-2) for n > 2.

**Find a_3:**
a_3 = a_(3-1) + a_(3-2) = a_2 + a_1 = 5 + 3 = 8

**Find a_4:**
a_4 = a_(4-1) + a_(4-2) = a_3 + a_2 = 8 + 5 = 13

**Find a_5:**
a_5 = a_(5-1) + a_(5-2) = a_4 + a_3 = 13 + 8 = 21

**Find a_6:**
a_6 = a_(6-1) + a_(6-2) = a_5 + a_4 = 21 + 13 = 34

Therefore, a_6 = 34.",bedrock
47,71,250,7.512272957988898,"Think through this step by step. If the sequence a_n is defined by a_1 = 3, a_2 = 5, and a_n = a_(n-1) + a_(n-2) for n > 2, find a_6.","Let's break it down step by step:

We are given:

* a_1 = 3
* a_2 = 5
* a_n = a_(n-1) + a_(n-2) for n > 2

We want to find a_6.

First, let's find a_3 using the recursive formula:

a_3 = a_(3-1) + a_(3-2) = a_2 + a_1 = 5 + 3 = 8

Next, let's find a_4:

a_4 = a_(4-1) + a_(4-2) = a_3 + a_2 = 8 + 5 = 13

Now, let's find a_5:

a_5 = a_(5-1) + a_(5-2) = a_4 + a_3 = 13 + 8 = 21

Finally, let's find a_6:

a_6 = a_(6-1) + a_(6-2) = a_5 + a_4 = 21 + 13 = 34

Therefore, a_6 = 34.",bedrock
48,24,392,14.851817167000263,Implement a Python function to compute the Fibonacci numbers.,"Here is a Python function to compute the Fibonacci numbers:
```
def fibonacci(n):
    if n <= 1:
        return n
    else:
        return fibonacci(n-1) + fibonacci(n-2)
```
This function uses a recursive approach to compute the `n`-th Fibonacci number. The base cases are when `n` is 0 or 1, in which case the function returns `n` directly. Otherwise, the function calls itself with `n-1` and `n-2` as arguments, and returns the sum of the results.

Here's an example usage:
```
print(fibonacci(5))  # Output: 5
print(fibonacci(8))  # Output: 21
```
Note that this function has an exponential time complexity, which can become very slow for large values of `n`. For larger values of `n`, a more efficient approach is to use an iterative method or memoization.

Here's an example of an iterative implementation:
```
def fibonacci(n):
    a, b = 0, 1
    for i in range(n):
        a, b = b, a + b
    return a
```
This function uses a loop to compute the first `n` Fibonacci numbers, and returns the `n`-th number.

And here's an example of a memoized implementation:
```
def fibonacci(n, memo={}):
    if n in memo:
        return memo[n]
    if n <= 1:
        return n
    else:
        result = fibonacci(n-1, memo) + fibonacci(n-2, memo)
        memo[n] = result
        return result
```
This function uses a dictionary `memo` to store the results of previously computed Fibonacci numbers, so that they can be reused instead of recomputed. This can greatly improve performance for large values of `n`.",bedrock
49,24,435,14.004028041003039,Write a Rust function that performs binary exponentiation.,"Here is a Rust function that performs binary exponentiation:
```
fn binary_exponentiation(base: u64, exponent: u64) -> u64 {
    let mut result = 1;
    let mut base_copy = base;
    let mut exponent_copy = exponent;

    while exponent_copy > 0 {
        if exponent_copy % 2 == 1 {
            result *= base_copy;
        }
        exponent_copy >>= 1;
        base_copy *= base_copy;
    }

    result
}
```
This function uses the binary exponentiation algorithm, which is an efficient method for computing `base` raised to the power of `exponent`. The algorithm works by repeatedly squaring the `base` and multiplying the result by the `base` whenever the `exponent` is odd.

Here's an explanation of the code:

* We initialize `result` to 1, which will be the final result.
* We make copies of `base` and `exponent` to avoid modifying the original values.
* We loop until `exponent_copy` is 0.
* In each iteration, we check if `exponent_copy` is odd by checking if it's remainder when divided by 2 is 1. If it is, we multiply `result` by `base_copy`.
* We then divide `exponent_copy` by 2 using a bitwise right shift (`>>= 1`).
* We square `base_copy` by multiplying it by itself.
* Finally, we return the `result`.

You can test this function with some examples:
```
fn main() {
    println!(""{}"", binary_exponentiation(2, 3)); // prints 8
    println!(""{}"", binary_exponentiation(3, 4)); // prints 81
    println!(""{}"", binary_exponentiation(4, 5)); // prints 1024
}
```
Note that this function only works for non-negative integers, and it assumes that the `base` and `exponent` are `u64` values. If you need to support negative integers or larger types, you'll need to modify the function accordingly.",bedrock
50,32,45,1.9881167499988806,"If a train travels 120 kilometers in 2 hours, what is its average speed?","The train travels 120 kilometers in 2 hours. So the average speed is 120 / 2 = 60 kilometers per hour.
Final Answer: The final answer is 60. I hope it is correct.",bedrock
51,44,513,17.346245250009815,"Write a story in the style of James Joyce about a trip to the Australian outback in 2083, to see robots in the beautiful desert.","As I emerged from the levitating pod that had borne me across the vast expanse of the Australian continent, the crimson sun of the outback burst forth like a ripened pomegranate, casting its fiery gaze upon the rust-hued earth. The year was 2083, and I, a wanderer of the digital age, had come to behold the marvels of this unforgiving landscape, where the ancient rhythms of the land converged with the futuristic cadences of mechanized life.

As I stepped onto the dusty platform, the air, heavy with the scent of eucalyptus and ozone, enveloped me like a mantle. The station, a sleek, aerodynamic structure, seemed an anachronism amidst the timeless beauty of the desert. I felt the thrum of anticipation within me, for I had heard tales of the robots that roamed this unforgiving terrain, their metallic bodies glistening like mirages on the horizon.

My guide, a gruff, laconic individual named Jack, greeted me with a nod and a laconic smile. ""Welcome to the Red Centre, mate,"" he said, his voice like the crackle of a dry leaf. ""You're here to see the bots, eh?"" I nodded, and he gestured towards the waiting vehicle, a rugged, all-terrain contraption that seemed to have been forged from the very earth itself.

As we set forth into the desert, the landscape unfolded before us like a tapestry of rust and crimson, the spinifex grass and mulga trees stretching towards the horizon like nature's own cathedral. The air was alive with the hum of machinery, a gentle thrum that underscored the stillness of the desert. And then, like apparitions, they appeared: the robots, their bodies a shimmering amalgam of metal and light, their eyes glowing like embers in the fading light of day.

We drew closer, and I beheld their beauty, their forms a synthesis of human ingenuity and the unforgiving landscape. They moved with a fluid grace, their limbs articulated like those of some ancient, mechanical beast. Jack told me their stories, of how they had been designed to thrive in this harsh environment, to tend the land, to harvest the sun's energy, and to roam the desert like ghosts.

As the sun dipped below the horizon, casting the desert in a fiery glow, I felt the weight of history upon me. This was a land of contrasts, where the ancient and the modern",bedrock
52,25,13,0.7687131249986123,What is the product of 9 and 8?,The product of 9 and 8 is 72.,bedrock
53,22,99,3.904263832999277,Who does Harry turn into a balloon?,"A classic Harry Potter question!

In the Harry Potter series, Harry turns Uncle Vernon's sister, Marge Dursley, into a balloon. This happens in the book ""Harry Potter and the Prisoner of Azkaban"" when Marge comes to visit the Dursleys and is being her usual unpleasant self, insulting Harry's parents and making fun of him. In a fit of anger and frustration, Harry accidentally casts a spell on her, causing her to inflate like a balloon.",bedrock
54,25,13,0.8502431249944493,What is the product of 9 and 8?,The product of 9 and 8 is 72.,bedrock
55,71,259,6.337885792003362,"Think through this step by step. If the sequence a_n is defined by a_1 = 3, a_2 = 5, and a_n = a_(n-1) + a_(n-2) for n > 2, find a_6.","Let's break it down step by step:

1. We are given that a_1 = 3 and a_2 = 5.
2. We need to find a_6, but to do that, we need to find a_3, a_4, and a_5 first.
3. Using the recursive formula, we can find a_3:
a_3 = a_(3-1) + a_(3-2) = a_2 + a_1 = 5 + 3 = 8
4. Now, we can find a_4:
a_4 = a_(4-1) + a_(4-2) = a_3 + a_2 = 8 + 5 = 13
5. Next, we can find a_5:
a_5 = a_(5-1) + a_(5-2) = a_4 + a_3 = 13 + 8 = 21
6. Finally, we can find a_6:
a_6 = a_(6-1) + a_(6-2) = a_5 + a_4 = 21 + 13 = 34

Therefore, a_6 = 34.",bedrock
56,37,513,14.759938125003828,Write a tale about a time-traveling historian who's determined to witness the most significant events in human history.,"Dr. Sophia Patel had always been fascinated by the annals of human history. As a renowned historian, she had spent her entire career studying the intricacies of the past, pouring over dusty tomes and crumbling artifacts in search of hidden truths. But as she delved deeper into her research, Sophia began to feel an insatiable hunger to experience the events she had only read about. She longed to witness the grandeur of ancient civilizations, to feel the fervor of revolutionary movements, and to behold the triumphs and tragedies that had shaped the course of human destiny.

One fateful day, Sophia stumbled upon an obscure text that would change her life forever. The ancient manuscript, penned by a mysterious alchemist, described a method for traversing the fabric of time. The instructions were cryptic, but Sophia was undeterred. She devoted herself to deciphering the code, pouring all her knowledge and expertise into unlocking the secrets of time travel.

Years of tireless work finally paid off. Sophia constructed a time machine, a sleek and intricate device that hummed with an otherworldly energy. With her heart racing, she set the controls for her first destination: ancient Babylon, during the reign of Nebuchadnezzar II.

As the machine whirred to life, Sophia felt a strange sensation, as if her very molecules were being rearranged. When the fog cleared, she found herself standing in the midst of a bustling marketplace. Camels and merchants thronged the streets, while the imposing ziggurat of Marduk loomed in the distance. Sophia's eyes widened as she beheld the vibrant tapestry of ancient Mesopotamia.

Over the next few decades, Sophia traveled through time, witnessing some of the most pivotal moments in human history. She watched as the Athenians debated democracy in the Stoa of Attalos, as the Mongols stormed the gates of Samarkand, and as the Renaissance masters brought forth a new era of artistic innovation. With each journey, Sophia felt her understanding of the past deepen, her perspective broadening as she grasped the intricate web of cause and effect that had shaped human civilization.

But Sophia's travels were not without risk. She found herself caught in the midst of battles, riots, and plagues, forced to rely on her wits and cunning to survive. She formed unlikely alliances with historical figures, from the enigmatic Leonardo da Vinci to the fiery abolitionist Frederick Douglass. And she began to realize that her presence in the past was not without",bedrock
57,24,383,12.073283916994114,Implement a Python function to compute the Fibonacci numbers.,"Here is a Python function to compute the Fibonacci numbers:
```
def fibonacci(n):
    if n <= 1:
        return n
    else:
        return fibonacci(n-1) + fibonacci(n-2)
```
This function uses a recursive approach to compute the `n`-th Fibonacci number. The base case is when `n` is 0 or 1, in which case the function returns `n` directly. Otherwise, the function calls itself with `n-1` and `n-2` as arguments, and returns the sum of the results.

Here's an example usage:
```
print(fibonacci(5))  # Output: 5
print(fibonacci(8))  # Output: 21
```
Note that this implementation has an exponential time complexity, which can become very slow for large values of `n`. For larger values of `n`, a more efficient approach is to use an iterative method or memoization.

Here's an iterative implementation:
```
def fibonacci(n):
    a, b = 0, 1
    for i in range(n):
        a, b = b, a + b
    return a
```
This implementation uses a loop to compute the `n`-th Fibonacci number, and has a linear time complexity.

And here's an implementation using memoization:
```
def fibonacci(n, memo={}):
    if n in memo:
        return memo[n]
    if n <= 1:
        return n
    else:
        result = fibonacci(n-1, memo) + fibonacci(n-2, memo)
        memo[n] = result
        return result
```
This implementation uses a dictionary `memo` to store the results of previously computed Fibonacci numbers, and has a linear time complexity.

I hope this helps! Let me know if you have any questions.",bedrock
58,24,317,10.435275458003161,Implement a Python function to compute the Fibonacci numbers.,"Here is a Python function to compute the Fibonacci numbers:
```
def fibonacci(n):
    if n <= 1:
        return n
    else:
        return fibonacci(n-1) + fibonacci(n-2)
```
This function uses a recursive approach to compute the `n`-th Fibonacci number. The base case is when `n` is 0 or 1, in which case the function returns `n` directly. Otherwise, the function calls itself with `n-1` and `n-2` as arguments, and returns the sum of the results.

Here's an example usage:
```
print(fibonacci(5))  # Output: 5
print(fibonacci(8))  # Output: 21
```
Note that this function has an exponential time complexity, which can become very slow for large values of `n`. A more efficient approach is to use an iterative method, such as:
```
def fibonacci(n):
    a, b = 0, 1
    for i in range(n):
        a, b = b, a + b
    return a
```
This function uses a loop to iterate from 0 to `n-1`, and maintains two variables `a` and `b` to store the previous two Fibonacci numbers. The function returns the `n`-th Fibonacci number, which is stored in `a` at the end of the loop.

Both of these functions will compute the Fibonacci numbers correctly, but the iterative approach is generally faster and more efficient.",bedrock
59,37,513,15.367883790997439,Write a tale about a time-traveling historian who's determined to witness the most significant events in human history.,"Dr. Sophia Patel had always been fascinated by the annals of human history. As a renowned historian, she had spent her entire career studying the intricacies of the past, pouring over dusty tomes and crumbling artifacts in her quest for knowledge. But as she delved deeper into her research, Sophia began to feel a growing sense of restlessness. She wanted more than just to read about the past â€“ she wanted to experience it firsthand.

And so, Sophia set out to build a time machine. It was a daunting task, one that many of her colleagues deemed impossible. But Sophia was undeterred, driven by her insatiable curiosity and determination. Years of tireless work finally paid off, and Sophia's time machine was complete.

With her trusty device in hand, Sophia set out on a journey through the ages, determined to witness the most significant events in human history. She began with the dawn of civilization, materializing in ancient Mesopotamia to marvel at the towering ziggurats of Babylon. She watched in awe as the pyramids of Giza rose from the desert sands, and she walked among the philosophers of ancient Greece as they debated the meaning of life.

As Sophia traveled through time, she found herself drawn to the moments that shaped the course of human destiny. She stood on the deck of the Santa Maria as Christopher Columbus set sail for the New World, and she witnessed the signing of the Magna Carta at Runnymede. She saw the grandeur of the Roman Empire at its peak, and she felt the terror of the Black Death as it swept across Europe.

But Sophia's journey was not without its challenges. She soon realized that her presence in the past was not without consequence. Her actions, no matter how small, had the potential to alter the course of history. She had to be careful, lest she disrupt the timeline and create unintended consequences.

Despite the risks, Sophia pressed on, driven by her passion for discovery. She watched as the Renaissance unfolded, as the Enlightenment sparked a new era of reason and inquiry. She saw the horrors of war, from the trenches of World War I to the atomic bombings of Hiroshima and Nagasaki.

And yet, Sophia's journey was not just about witnessing great events â€“ it was also about meeting the people who shaped them. She sat at the feet of Leonardo da Vinci, marveling at his genius. She debated with Martin Luther, sensing the fire of his conviction. She walked alongside Mahatma Gandhi, feeling the power of his nonviolent resistance.

",bedrock
60,71,262,6.40447233300074,"Think through this step by step. If the sequence a_n is defined by a_1 = 3, a_2 = 5, and a_n = a_(n-1) + a_(n-2) for n > 2, find a_6.","Let's break it down step by step:

1. We are given that a_1 = 3 and a_2 = 5.
2. We need to find a_6, but first, we need to find a_3, a_4, and a_5 using the recursive formula a_n = a_(n-1) + a_(n-2) for n > 2.

**Find a_3:**
a_3 = a_(3-1) + a_(3-2) = a_2 + a_1 = 5 + 3 = 8

**Find a_4:**
a_4 = a_(4-1) + a_(4-2) = a_3 + a_2 = 8 + 5 = 13

**Find a_5:**
a_5 = a_(5-1) + a_(5-2) = a_4 + a_3 = 13 + 8 = 21

**Find a_6:**
a_6 = a_(6-1) + a_(6-2) = a_5 + a_4 = 21 + 13 = 34

Therefore, a_6 = 34.",bedrock
61,23,513,15.22161562499241,What are the differences between Javascript and Python?,"JavaScript and Python are two popular programming languages that have many differences in their syntax, use cases, and applications. Here are some of the main differences:

**1. Syntax:**
	* JavaScript: JavaScript's syntax is based on C and is known for its flexibility and forgiving nature. It uses curly braces `{}` to define code blocks and has a more relaxed syntax.
	* Python: Python's syntax is based on ABC and is known for its simplicity and readability. It uses indentation (spaces or tabs) to define code blocks and has a more structured syntax.

**2. Purpose:**
	* JavaScript: JavaScript is primarily used for client-side scripting on the web, creating interactive web pages, and developing desktop and mobile applications. It's also used for server-side programming with technologies like Node.js.
	* Python: Python is a general-purpose language used for web development, scientific computing, data analysis, artificial intelligence, machine learning, and more. It's often used for backend development, data science, and automation.

**3. Type System:**
	* JavaScript: JavaScript is a dynamically-typed language, which means that the data type of a variable is determined at runtime. This can lead to errors if not managed properly.
	* Python: Python is a statically-typed language, which means that the data type of a variable is determined at compile time. This helps catch errors earlier in the development process.

**4. Object-Oriented Programming (OOP):**
	* JavaScript: JavaScript supports OOP concepts like inheritance, polymorphism, and encapsulation, but it's not as strict as Python. JavaScript's OOP model is based on prototypes.
	* Python: Python is a fully object-oriented language that supports OOP concepts like inheritance, polymorphism, and encapsulation. It has a more traditional OOP model based on classes and objects.

**5. Memory Management:**
	* JavaScript: JavaScript has automatic memory management through its garbage collector, which frees the developer from worrying about memory allocation and deallocation.
	* Python: Python also has automatic memory management through its garbage collector, but it's not as efficient as JavaScript's. Python's memory management is more complex and can lead to memory leaks if not managed properly.

**6. Speed:**
	* JavaScript: JavaScript is generally faster than Python, especially for client-side applications, due to its Just-In-Time (JIT) compilation and caching mechanisms.
	* Python: Python is slower than JavaScript, but it's still a fast language. Python's speed",bedrock
62,24,417,14.44768195800134,Implement a Python function to compute the Fibonacci numbers.,"Here is a Python function to compute the Fibonacci numbers:
```
def fibonacci(n):
    if n <= 1:
        return n
    else:
        return fibonacci(n-1) + fibonacci(n-2)
```
This function uses a recursive approach to compute the `n`-th Fibonacci number. The base case is when `n` is 0 or 1, in which case the function returns `n` directly. Otherwise, the function calls itself with `n-1` and `n-2` as arguments and returns the sum of the results.

Here's an example usage:
```
print(fibonacci(5))  # Output: 5
print(fibonacci(8))  # Output: 21
```
Note that this function has an exponential time complexity, which means it can become very slow for large values of `n`. A more efficient approach is to use an iterative method, which can be implemented as follows:
```
def fibonacci(n):
    a, b = 0, 1
    for i in range(n):
        a, b = b, a + b
    return a
```
This function uses a loop to compute the `n`-th Fibonacci number, using the previous two numbers in the sequence to compute the next one. This approach has a linear time complexity, making it much faster for large values of `n`.

You can also use a memoization technique to store the previously computed Fibonacci numbers and avoid redundant computations:
```
def fibonacci(n, memo={}):
    if n in memo:
        return memo[n]
    if n <= 1:
        return n
    else:
        result = fibonacci(n-1, memo) + fibonacci(n-2, memo)
        memo[n] = result
        return result
```
This function uses a dictionary `memo` to store the previously computed Fibonacci numbers, and checks if the result is already in the dictionary before computing it. This approach can significantly improve the performance for large values of `n`.",bedrock
